label,n_trades,win_rate,avg_return,net_pnl_usd,sharpe,max_dd,profit_factor
Fold 1: train 2021-2021 -> test 2022,5,0.2,-0.12346585259695897,-6163.816759063181,-2.6648601481349976,-0.05158162419249915,0.11645388349374418
Fold 2: train 2021-2022 -> test 2023,8,0.875,0.10468809920769866,8377.898487387241,-1.033744929946574,-0.03737524014701022,19.927998079081846
Fold 3: train 2021-2023 -> test 2024,8,0.25,-0.03528724364232039,-2776.306109841437,-6.544683890749359,-0.01281422115356117,0.23112849331302898
Fold 4: train 2021-2024 -> test 2025,0,,,0.0,,,
Pooled OOS,21,0.47619047619047616,-0.002958210402941369,-562.2243815173773,-2.2807435408073986,-0.05158162419249915,0.9490264556620043
