slippage_bps,n_trades,net_pnl_usd,avg_return_per_trade,sharpe,cost_pct_of_gross
5,21,-562.2243815173771,-0.002958210402941367,-2.2807435408073986,1.7020488326330299
10,21,-806.511031835334,-0.004164807192007157,-2.2842734451380435,2.3918622212462837
15,21,-1050.8562406232973,-0.005371310976382158,-2.2921457058545935,2.9286824442440036
