slippage_bps,n_trades,net_pnl_usd,avg_return_per_trade,sharpe,cost_pct_of_gross
5,44,-2571.3888202167,-0.006030457278411677,-3.208270982648363,0.41966815634936194
10,44,-3078.1925290673535,-0.007207929703277191,-3.2128071425231943,0.6410232060450943
15,44,-3583.9120760784904,-0.008382678952008983,-3.2220579432771217,0.8470991174022462
